{"x":[-3,-2.75,-2.5,-2.25,-2,-1.75,-1.5,-1.25,-1,-0.75,-0.5,-0.25,0,0.25,0.5,0.75,1,1.25,1.5,1.75,2,2.25,2.5,2.75,3],"y":[-3,-2.75,-2.5,-2.25,-2,-1.75,-1.5,-1.25,-1,-0.75,-0.5,-0.25,0,0.25,0.5,0.75,1,1.25,1.5,1.75,2,2.25,2.5,2.75,3],"z":[[6.6712802967174421E-5,0.00023075120304199163,0.00068010321994397074,0.0016813428282380135,0.00337797214955247,0.0050964556761606029,0.0041562701346688578,-0.00503135305937366,-0.029870801373274684,-0.075219443628930363,-0.13732380075381329,-0.20104735476693705,-0.24495404057434964,-0.25273009360329274,-0.222833446930309,-0.16872380398959722,-0.10995938332787396,-0.0616993341282328,-0.029759997706673206,-0.012291159626562817,-0.004314432616985781,-0.0012692954982315556,-0.000304219554085176,-5.5399299624076915E-5,-5.8641878725895287E-6],[0.00015610723991901424,0.00053785311320983737,0.0015706379059626315,0.0038123615076876903,0.0073752004027967622,0.01009323880015376,0.00448203258177478,-0.024412296821201496,-0.095850288411376619,-0.22173738493004694,-0.39077853330428863,-0.56163498990561067,-0.67692003138182555,-0.69371897760235468,-0.60900956727690259,-0.45981491960014076,-0.29909342057547239,-0.1675958152241267,-0.080748081732324672,-0.033310843559157255,-0.011673835258010053,-0.0034249259891575303,-0.00081635284362157516,-0.00014665811952943987,-1.4655303982336876E-5],[0.00031701660671442007,0.0010976219795438753,0.0032066737408359826,0.00773564508141735,0.014669557393007645,0.018778070679824441,0.002836307235349556,-0.067121829616377124,-0.234564062446204,-0.526002473599126,-0.91500560237674733,-1.3066079773563772,-1.5692481685205604,-1.6046632146440523,-1.4063305509156623,-1.05993916125966,-0.68786006732692828,-0.38413134364300239,-0.18411242157892219,-0.075331167839043756,-0.026050356363236458,-0.0074687422384537685,-0.0017022450344092175,-0.00027329528174554107,-1.3671229185779457E-5],[0.00054635138776254965,0.0019335713790827652,0.005753948717338352,0.014113031429442551,0.027217728590434982,0.035673935987158553,0.0073728526624621364,-0.12237507608790615,-0.4381698967892797,-0.99422306122490944,-1.7436168439013542,-2.5050232593268462,-3.0219749030761967,-3.0990863818036734,-2.7192043115480686,-2.0476256976978289,-1.3241821207394608,-0.73426690465413424,-0.3476302760947021,-0.13934174691381718,-0.046524553574608968,-0.012501046758053139,-0.0024667184309146908,-0.00022999589313813589,6.6190443746360676E-5],[0.00074734337895483336,0.0028062182922293888,0.0087932018021320748,0.022724647426024258,0.046835385992884435,0.069846528208533848,0.045154863926585617,-0.12852014548893728,-0.59212842982359237,-1.4478030677039158,-2.6389682751870618,-3.8835115835965803,-4.7596121032136383,-4.9299140089156932,-4.3467536794694448,-3.2721103753489049,-2.1023512845906334,-1.1487276644442344,-0.52931498886369022,-0.20217895549908449,-0.061639793654092154,-0.013499695180895261,-0.001172930357980209,0.00063763413202857122,0.00041822002330767167],[0.00061850980894837763,0.002851548096054654,0.010304307128498905,0.030035864655103457,0.070330749874046819,0.12710393306910275,0.15320114172228977,0.023191735135345014,-0.46192859481359116,-1.4782925814535628,-3.0044196877798517,-4.6961484392418305,-5.9728892879986484,-6.3265242192313833,-5.6381925795957093,-4.241343840077203,-2.6866653709618853,-1.4198188262433182,-0.61250168990458942,-0.20449291242304929,-0.044189990220109714,0.00070442920113590482,0.0062615237662131864,0.0036515413900400666,0.0014202397071515908],[-0.00045179365940856912,0.00018147525792091049,0.0053229214112392922,0.025190461113920509,0.078901204275975,0.18509185108089446,0.32654098981641005,0.39233953051611015,0.14831441759316,-0.67975102972500356,-2.1871305458059807,-4.07536480044738,-5.6802760018962664,-6.3256294754606888,-5.7616133374079466,-4.3155682900965582,-2.63486622927969,-1.2710224237383856,-0.44049185489357029,-0.065950093849015623,0.042909019344627305,0.045435111218679117,0.025471757977825228,0.010646851613578414,0.0035995207860981112],[-0.0033335588484422118,-0.0080506213149391589,-0.014269766630439343,-0.011873079048560487,0.029918040009919142,0.16672253924187402,0.448509127653476,0.83580913689669967,1.1070618703072332,0.88256382719475213,-0.13867873341098053,-1.8446858019741241,-3.6042966014889282,-4.60238794154969,-4.3996988726008857,-3.223002924469748,-1.737648900897703,-0.55606922469450693,0.079260042600820438,0.26602530855067241,0.22622381779749415,0.13253903251579879,0.06109454032537328,0.023211311074677041,0.0074309322108651616],[-0.0087618924917887177,-0.024427216043908441,-0.056496166638400069,-0.103177120227723,-0.13005295300439818,-0.042732050451136441,0.30068489243888763,0.98384984443807921,1.8558917154077983,2.4536879543616719,2.2247295189616376,0.99651756498305832,-0.72390617279329428,-2.0151487101264456,-2.2222459180272072,-1.4251339498655002,-0.27291654880625382,0.58071772539331179,0.883377506133349,0.768712786544837,0.49963628529592258,0.26114199664757248,0.11334211106144304,0.041562135867091829,0.013012486008918911],[-0.01664436868867095,-0.048933848819528336,-0.12234839866119845,-0.25452931841816373,-0.4232059384672599,-0.50959108438706091,-0.28060794296412617,0.49466281808081891,1.7828526782279426,3.0862294795889418,3.626519730364973,2.9422823975442181,1.3962473744003387,-0.0047940426191635521,-0.41340284087908064,0.20371185790660076,1.1759948044778634,1.7863914600640365,1.7780619055385478,1.3457585564502628,0.81996061710880708,0.4138899855123665,0.17599583241550973,0.063721505105298656,0.019787938687620927],[-0.025544896372863526,-0.077125150940611217,-0.1999752785517038,-0.439077032282611,-0.79890663359092251,-1.1575711649720917,-1.2128484321276318,-0.595870012544395,0.79688617739814915,2.4879475013711003,3.5507315704010414,3.3043954790649392,1.9975255055510037,0.70006344653323826,0.38962816234446918,1.1388279197436797,2.1977508812263782,2.7582262491475529,2.5595247481851846,1.8746141999843566,1.122384868497025,0.56088789320179044,0.23707232552492694,0.085519024718328771,0.026496751863515019],[-0.032967497657741374,-0.10098505788410618,-0.26689034086124519,-0.60196566688096309,-1.1412468922550791,-1.7752139206694133,-2.163476088282235,-1.8358523625436569,-0.56590197210024862,1.2281097384860877,2.5613738756186497,2.6253576464589226,1.5849776009755729,0.52563999147997409,0.47556523646642956,1.4962415394866788,2.7556157941140444,3.3721406118411164,3.0881318823488417,2.2453443504207411,1.3387533706327217,0.66739293855064064,0.28169632627239005,0.10153893363224326,0.031448888504290555],[-0.03650620461319553,-0.11272408954450601,-0.30101535416843211,-0.68859426010090419,-1.3326904669589708,-2.1424834730035833,-2.773610019456342,-2.7119473780028165,-1.6523454638655195,0.063569877109022621,1.4796069220146304,1.7529522848030594,0.98101184312384626,0.19039069224781291,0.37444571855903896,1.5728089823667082,2.9369303164086271,3.5822924797686992,3.2694633264390438,2.3717777148293515,1.4121612599396918,0.70341698785502749,0.2967732701899975,0.10695348254621585,0.033124949924308318],[-0.035098770299960697,-0.10887032309489408,-0.29240699178226881,-0.67409014428755021,-1.3190236282320296,-2.1565367496279384,-2.8733257994672319,-2.9786024575326291,-2.1491481589073529,-0.64689008464250253,0.68227610938844374,1.0565794454244202,0.52281119961917322,-0.028088949610139247,0.27947825599895249,1.4682172081827596,2.7623656135003136,3.3618310365018274,3.0615943953082634,2.217775809773423,1.3192991143857318,0.65682259417874944,0.27703850859417806,0.099829155108114381,0.030917768577847615],[-0.029473835601876854,-0.0916329114903753,-0.24680955683687741,-0.5710621151086408,-1.1230035412626296,-1.8493576561432616,-2.492345347093754,-2.6375972081170285,-1.996815392905849,-0.75988657991000408,0.38980502037247872,0.79633233817464277,0.4640713194420103,0.089806967391388159,0.37537557884831413,1.3442276181345223,2.3768163792639969,2.8337885754083585,2.557595870760879,1.8442313189353894,1.0942986753718349,0.54398869668811189,0.22923717195876114,0.082557383392495229,0.025559569393165463],[-0.021598358403709671,